countries;avg_sugar;avg_energy
en:france;13.34125;1195.625
france,espagne;32.0;1636.0
france;63.436315789473696;1416.3526315789475
france,spain;9.4;1484.0
